-- Group 2: DevPath Insight: A Stack Overflow Data-Driven Career Tool
-- Team Members: Jeet Patel, Minju Kim(Lead), FNU Aditi

-- Users Table Entries
-- Entered by Minju Kim
INSERT INTO Users (Email, Password, SignUpDate, LastLogin) VALUES
('user1@example.com', 'password_1', '2024-03-01', '2024-03-12'),
('user2@example.com', 'password_2', '2024-03-02', '2024-03-13'),
('user3@example.com', 'password_3', '2024-03-03', '2024-03-14'),
('user4@example.com', 'password_4', '2024-03-04', '2024-03-15'),
('user5@example.com', 'password_5', '2024-03-01', '2024-03-16'),
('user6@example.com', 'password_6', '2024-03-06', '2024-03-07'),
('user7@example.com', 'password_7', '2024-03-07', '2024-03-08'),
('user8@example.com', 'password_8', '2024-03-08', '2024-03-09'),
('user9@example.com', 'password_9', '2024-03-08', '2024-03-10'),
('user10@example.com', 'password_10', '2024-03-02', '2024-03-21'),
('user11@example.com', 'password_11', '2024-03-11', '2024-03-22'),
('user12@example.com', 'password_12', '2024-03-12', '2024-03-23'),
('user13@example.com', 'password_13', '2024-03-13', '2024-03-24'),
('user14@example.com', 'password_14', '2024-03-15', '2024-03-26'),
('user15@example.com', 'password_15', '2024-03-16', '2024-03-20'),
('user16@example.com', 'password_16', '2024-03-17', '2024-03-28'),
('user17@example.com', 'password_17', '2024-03-08', '2024-03-19'),
('user18@example.com', 'password_18', '2024-03-09', '2024-03-20'),
('user19@example.com', 'password_19', '2024-03-10', '2024-03-21'),
('user20@example.com', 'password_20', '2024-03-01', '2024-03-22'),
('user21@example.com', 'password_21', '2024-03-02', '2024-03-23'),
('user22@example.com', 'password_22', '2024-03-03', '2024-03-24'),
('user23@example.com', 'password_23', '2024-03-04', '2024-03-25'),
('user24@example.com', 'password_24', '2024-03-05', '2024-03-20'),
('user25@example.com', 'password_25', '2024-03-26', '2024-03-27'),
('user26@example.com', 'password_26', '2024-03-28', '2024-03-29'),
('user27@example.com', 'password_27', '2024-03-29', '2024-03-30'),
('user28@example.com', 'password_28', '2024-03-30', '2024-03-31'),
('user29@example.com', 'password_29', '2024-03-31', '2024-04-20'),
('user30@example.com', 'password_30', '2024-04-01', '2024-04-02'),
('user31@example.com', 'password_31', '2024-04-02', '2024-04-03'),
('user32@example.com', 'password_32', '2024-04-13', '2024-04-24'),
('user33@example.com', 'password_33', '2024-04-14', '2024-04-20'),
('user34@example.com', 'password_34', '2024-04-05', '2024-04-06'),
('user35@example.com', 'password_35', '2024-04-06', '2024-04-17'),
('user36@example.com', 'password_36', '2024-04-07', '2024-04-08'),
('user37@example.com', 'password_37', '2024-04-18', '2024-04-23'),
('user38@example.com', 'password_38', '2024-04-10', '2024-04-11'),
('user39@example.com', 'password_39', '2024-04-11', '2024-04-19'),
('user40@example.com', 'password_40', '2024-04-12', '2024-04-18'),
('user41@example.com', 'password_41', '2024-04-13', '2024-04-20'),
('user42@example.com', 'password_42', '2024-04-14', '2024-04-23'),
('user43@example.com', 'password_43', '2024-04-15', '2024-04-17'),
('user44@example.com', 'password_44', '2024-04-16', '2024-04-19'),
('user45@example.com', 'password_45', '2024-04-17', '2024-04-21'),
('user46@example.com', 'password_46', '2024-04-15', '2024-04-19'),
('user47@example.com', 'password_47', '2024-04-11', '2024-04-20'),
('user48@example.com', 'password_48', '2024-04-02', '2024-04-21'),
('user49@example.com', 'password_49', '2024-04-01', '2024-04-22'),
('user50@example.com', 'password_50', '2024-04-03', '2024-04-24');
SELECT * FROM Users;

-- UserProfile Entries
-- Entered by Minju Kim
INSERT INTO UserProfile (UserID, EducationLevel, WorkExperienceYears, CurrentRole, DesiredRole, Industry, Preferred_Location) VALUES 
(1, 'Bachelor', 5, 'Software Developer', 'Senior Developer', 'Technology', 'Remote'),
(2, 'Master', 7, 'Data Analyst', 'Data Scientist', 'Finance', 'Hybrid'),
(3, 'PhD', 10, 'Project Manager', 'Senior Project Manager', 'Construction', 'Offsite'),
(4, 'High School', 3, 'Junior Web Developer', 'Web Developer', 'E-commerce', 'Remote'),
(5, 'Bachelor', 2, 'Intern', 'Software Developer', 'Technology', 'Hybrid'),
(6, 'Bachelor', 8, 'System Administrator', 'Cloud Engineer', 'IT Services', 'Remote'),
(7, 'Bachelor', 4, 'UI/UX Designer', 'Product Designer', 'Design', 'Hybrid'),
(8, 'Master', 12, 'Senior Analyst', 'Analytics Manager', 'Finance', 'Offsite'),
(9, 'PhD', 15, 'Research Scientist', 'Lead Scientist', 'Biotech', 'Remote'),
(10, 'High School', 5, 'Technical Support', 'System Administrator', 'IT Services', 'Hybrid'),
(11, 'Master', 6, 'Mobile Developer', 'Senior Mobile Developer', 'Technology', 'Remote'),
(12, 'Bachelor', 9, 'Network Engineer', 'Senior Network Engineer', 'Telecommunications', 'Hybrid'),
(13, 'PhD', 13, 'Quantitative Analyst', 'Data Scientist', 'Finance', 'Offsite'),
(14, 'High School', 4, 'Help Desk Technician', 'IT Support Manager', 'Technology', 'Remote'),
(15, 'Bachelor', 11, 'Web Developer', 'Senior Web Developer', 'Technology', 'Hybrid'),
(16, 'Master', 7, 'Database Administrator', 'Data Engineer', 'Technology', 'Remote'),
(17, 'PhD', 8, 'Bioinformatician', 'Computational Biologist', 'Biotech', 'Offsite'),
(18, 'High School', 2, 'Data Analyst', 'Data Scientist', 'Advertising', 'Hybrid'),
(19, 'Bachelor', 10, 'Product Manager', 'Senior Product Manager', 'Technology', 'Remote'),
(20, 'Master', 14, 'Software Architect', 'Chief Technology Officer', 'Technology', 'Hybrid'),
(21, 'PhD', 16, 'Lab Technician', 'Lab Manager', 'Healthcare', 'Remote'),
(22, 'High School', 3, 'Hardware Engineer', 'Full-stack Developer', 'Retail', 'Hybrid'),
(23, 'Bachelor', 1, 'Content Creator', 'Content Manager', 'Media', 'Remote'),
(24, 'Master', 5, 'Quality Assurance Engineer', 'Quality Assurance Manager', 'Manufacturing', 'Offsite'),
(25, 'PhD', 12, 'Clinical Researcher', 'Clinical Research Coordinator', 'Healthcare', 'Hybrid'),
(26, 'High School', 10, 'Construction Worker', 'Construction Manager', 'Construction', 'Remote'),
(27, 'Bachelor', 6, 'Systems Analyst', 'Systems Manager', 'Technology', 'Hybrid'),
(28, 'Master', 15, 'Investment Analyst', 'Investment Manager', 'Finance', 'Remote'),
(29, 'PhD', 20, 'Professor', 'Department Head', 'Education', 'Offsite'),
(30, 'High School', 9, 'Electrician', 'Electrical Supervisor', 'Construction', 'Hybrid'),
(31, 'Bachelor', 17, 'Marketer', 'Data Scientist', 'Advertising', 'Remote'),
(32, 'Master', 8, 'Civil Engineer', 'Senior Civil Engineer', 'Construction', 'Offsite'),
(33, 'PhD', 14, 'Pharmacist', 'Pharmacy Manager', 'Healthcare', 'Hybrid'),
(34, 'High School', 18, 'Automotive Technician', 'Automotive Manager', 'Automotive', 'Remote'),
(35, 'Bachelor', 3, 'Business Analyst', 'Data Engineer', 'Human Resources', 'Hybrid'),
(36, 'Master', 3, 'Financial Analyst', 'Financial Director', 'Finance', 'Remote'),
(37, 'PhD', 4, 'Environmental Scientist', 'Environmental Manager', 'Environmental Services', 'Offsite'),
(38, 'High School', 7, 'Retail Manager', 'Regional Retail Manager', 'Retail', 'Hybrid'),
(39, 'Bachelor', 13, 'Operations Coordinator', 'Operations Manager', 'Logistics', 'Remote'),
(40, 'Master', 16, 'Business Analyst', 'Business Manager', 'Business Services', 'Offsite'),
(41, 'Master', 4, 'Data Analyst', 'Data Scientist', 'Media', 'Hybrid'),
(42, 'Bachelor', 3, 'Data Analyst', 'DevOps Specialist', 'Technology', 'Remote'),
(43, 'Bachelor', 8, 'IT Technician', 'IT Manager', 'Technology', 'Hybrid'),
(44, 'Master', 2, 'Actuary', 'Actuary Analyst', 'Insurance', 'Remote'),
(45, 'PhD', 21, 'Scientist', 'Senior Scientist', 'Research', 'Offsite'),
(46, 'High School', 5, 'Business Analyst', 'Data Scientist', 'Retail', 'Hybrid'),
(47, 'Bachelor', 3, 'Business Analyst', 'Data Engineer', 'Manufacturing', 'Remote'),
(48, 'Master', 4, 'Logistics Analyst', 'Logistics Manager', 'Logistics', 'Offsite'),
(49, 'Master', 5, 'Software Engineer', 'Full-stack Developer', 'Technology', 'Hybrid'),
(50, 'High School', 3, 'Business Analyst', 'DevOps Specialist', 'Hospitality', 'Remote');
SELECT * FROM userprofile;

-- Skills Table Entries
-- -- Entered by Jeet Patel
INSERT INTO Skills (SkillName, Category, DifficultyLevel, Trending) VALUES
('JavaScript', 'Programming', 'Intermediate', 'Hot'),
('Python', 'Programming', 'Beginner', 'Hot'),
('Project Management', 'Management', 'Intermediate', 'Not Trending'),
('SQL', 'Data Analysis', 'Intermediate', 'Hot'),
('React', 'Programming', 'Intermediate', 'Stable'),
('AWS', 'Cloud Computing', 'Intermediate', 'Hot'),
('Adobe XD', 'Design', 'Beginner', 'Rising'),
('Docker', 'DevOps', 'Intermediate', 'Rising'),
('Kubernetes', 'DevOps', 'Advanced', 'Rising'),
('Swift', 'Programming', 'Intermediate', 'Stable'),
('Java', 'Programming', 'Advanced', 'Stable'),
('C#', 'Programming', 'Intermediate', 'Stable'),
('Ruby', 'Programming', 'Beginner', 'Stable'),
('Node.js', 'Programming', 'Intermediate', 'Hot'),
('Angular', 'Programming', 'Intermediate', 'Hot'),
('PHP', 'Programming', 'Beginner', 'Not Trending'),
('TypeScript', 'Programming', 'Intermediate', 'Hot'),
('Go', 'Programming', 'Advanced', 'Rising'),
('Rust', 'Programming', 'Advanced', 'Rising'),
('GraphQL', 'Data Analysis', 'Intermediate', 'Rising'),
('Data Mining', 'Data Analysis', 'Advanced', 'Stable'),
('Machine Learning', 'Artificial Intelligence', 'Advanced', 'Hot'),
('Deep Learning', 'Artificial Intelligence', 'Advanced', 'Hot'),
('Natural Language Processing', 'Artificial Intelligence', 'Advanced', 'Rising'),
('Business Intelligence', 'Data Analysis', 'Intermediate', 'Stable'),
('ERP Systems', 'Management', 'Advanced', 'Not Trending'),
('Blockchain', 'Emerging Tech', 'Advanced', 'Hot'),
('Cybersecurity', 'IT Security', 'Advanced', 'Hot'),
('Ethical Hacking', 'IT Security', 'Intermediate', 'Rising'),
('UI/UX Design', 'Design', 'Beginner', 'Stable'),
('Digital Marketing', 'Marketing', 'Intermediate', 'Stable'),
('SEO/SEM Marketing', 'Marketing', 'Beginner', 'Rising'),
('Cloud Security', 'IT Security', 'Advanced', 'Hot'),
('Fintech', 'Emerging Tech', 'Intermediate', 'Rising'),
('Quantum Computing', 'Emerging Tech', 'Advanced', 'Rising'),
('Game Development', 'Programming', 'Advanced', 'Stable'),
('VR/AR Development', 'Emerging Tech', 'Intermediate', 'Rising'),
('IoT', 'Emerging Tech', 'Intermediate', 'Stable'),
('Salesforce', 'CRM Systems', 'Intermediate', 'Stable'),
('Excel', 'Business Tools', 'Beginner', 'Not Trending'),
('Power BI', 'Business Tools', 'Intermediate', 'Stable'),
('SAP', 'Business Tools', 'Advanced', 'Stable'),
('Mobile App Development', 'Programming', 'Intermediate', 'Hot'),
('E-commerce Systems', 'Programming', 'Intermediate', 'Rising'),
('Big Data', 'Data Analysis', 'Advanced', 'Hot'),
('Analytics', 'Data Analysis', 'Intermediate', 'Hot'),
('Cloud Infrastructure', 'Cloud Computing', 'Advanced', 'Hot'),
('Performance Tuning', 'IT Operations', 'Advanced', 'Stable'),
('Content Management Systems', 'Web Development', 'Intermediate', 'Stable'),
('System Architecture', 'IT Operations', 'Advanced', 'Stable');
SELECT * FROM skills;


-- UserSkills Table Entries
-- -- Entered by Jeet Patel
INSERT INTO UserSkills (ProfileID, SkillID, ProficiencyLevel, YearsOfExperience, LastUsed, InterestLevel) VALUES
(1, 1, 'Expert', 5, 2022, 'High'),
(2, 2, 'Intermediate', 3, 2022, 'Medium'),
(3, 3, 'Expert', 7, 2023, 'High'),
(4, 4, 'Beginner', 1, 2022, 'Low'),
(5, 5, 'Intermediate', 2, 2023, 'High'),
(6, 6, 'Intermediate', 3, 2023, 'High'),
(7, 7, 'Intermediate', 4, 2023, 'Medium'),
(8, 8, 'Expert', 12, 2023, 'High'),
(9, 9, 'Expert', 10, 2023, 'Low'),
(10, 10, 'Beginner', 2, 2022, 'High'),
(11, 11, 'Intermediate', 4, 2023, 'Medium'),
(12, 12, 'Beginner', 1, 2023, 'Low'),
(13, 13, 'Expert', 6, 2022, 'High'),
(14, 14, 'Expert', 8, 2023, 'High'),
(15, 15, 'Intermediate', 5, 2022, 'Medium'),
(16, 16, 'Advanced', 7, 2022, 'High'),
(17, 17, 'Expert', 9, 2023, 'High'),
(18, 18, 'Beginner', 1, 2022, 'Low'),
(19, 19, 'Intermediate', 3, 2023, 'Medium'),
(20, 20, 'Advanced', 2, 2023, 'High'),
(21, 21, 'Beginner', 2, 2022, 'Low'),
(22, 22, 'Advanced', 4, 2023, 'Medium'),
(23, 23, 'Intermediate', 5, 2022, 'High'),
(24, 24, 'Beginner', 3, 2023, 'Low'),
(25, 25, 'Expert', 11, 2022, 'High'),
(26, 26, 'Advanced', 10, 2022, 'Medium'),
(27, 27, 'Intermediate', 6, 2023, 'High'),
(28, 28, 'Beginner', 3, 2022, 'Low'),
(29, 29, 'Expert', 8, 2022, 'High'),
(30, 30, 'Advanced', 7, 2023, 'Medium'),
(31, 31, 'Beginner', 2, 2022, 'Low'),
(32, 32, 'Intermediate', 9, 2023, 'Medium'),
(33, 33, 'Expert', 5, 2022, 'High'),
(34, 34, 'Beginner', 3, 2023, 'Low'),
(35, 35, 'Advanced', 12, 2023, 'High'),
(36, 36, 'Intermediate', 4, 2022, 'Medium'),
(37, 37, 'Beginner', 1, 2022, 'Low'),
(38, 38, 'Expert', 10, 2023, 'High'),
(39, 39, 'Advanced', 6, 2023, 'Medium'),
(40, 40, 'Intermediate', 8, 2022, 'High'),
(41, 41, 'Beginner', 1, 2023, 'Low'),
(42, 42, 'Advanced', 3, 2022, 'Medium'),
(43, 43, 'Expert', 5, 2023, 'High'),
(44, 44, 'Intermediate', 4, 2022, 'Medium'),
(45, 45, 'Beginner', 2, 2023, 'Low'),
(46, 46, 'Expert', 9, 2022, 'High'),
(47, 47, 'Intermediate', 3, 2023, 'Medium'),
(48, 48, 'Beginner', 1, 2022, 'Low'),
(49, 49, 'Advanced', 4, 2023, 'High'),
(50, 50, 'Expert', 8, 2022, 'High');
SELECT * FROM userskills;




-- DesiredPositions Table Entries
-- Entered by FNU Aditi
INSERT INTO DesiredPositions (ProfileID, PositionName, EstimatedSalary, LocationPreference, RemotePreference, Industry) VALUES
(1, 'Senior Software Developer', '80000-100000', 'New York', 'Yes', 'Technology'),
(2, 'Data Scientist', '90000-120000', 'San Francisco', 'No', 'Finance'),
(3, 'Senior Project Manager', '70000-90000', 'Los Angeles', 'Yes', 'Construction'),
(4, 'Web Developer', '60000-80000', 'Remote', 'Yes', 'E-commerce'),
(5, 'Software Developer', '50000-70000', 'Chicago', 'No', 'Technology'),
(6, 'Cloud Engineer', '90000-110000', 'Remote', 'Yes', 'IT Services'),
(7, 'Product Designer', '75000-85000', 'San Francisco', 'No', 'Design'),
(8, 'Analytics Manager', '95000-115000', 'New York', 'Yes', 'Finance'),
(9, 'Lead Scientist', '120000-140000', 'Boston', 'No', 'Biotech'),
(10, 'System Administrator', '65000-75000', 'Remote', 'Yes', 'IT Services'),
(11, 'Mobile App Developer', '90000-110000', 'Austin', 'Yes', 'Technology'),
(12, 'Network Architect', '95000-120000', 'Seattle', 'No', 'Telecommunications'),
(13, 'Data Science Manager', '100000-130000', 'New York', 'Flexible', 'Finance'),
(14, 'IT Support Specialist', '55000-70000', 'Dallas', 'Yes', 'Technology'),
(15, 'Front-end Developer', '70000-90000', 'San Francisco', 'No', 'Technology'),
(16, 'Data Architect', '95000-120000', 'Remote', 'Yes', 'Technology'),
(17, 'Clinical Data Analyst', '75000-90000', 'Philadelphia', 'Flexible', 'Biotech'),
(18, 'Marketing Data Analyst', '60000-80000', 'Las Vegas', 'No', 'Advertising'),
(19, 'Tech Lead', '100000-130000', 'San Jose', 'Yes', 'Technology'),
(20, 'Enterprise Architect', '120000-150000', 'Remote', 'Yes', 'Technology'),
(21, 'Medical Lab Scientist', '65000-85000', 'Houston', 'Flexible', 'Healthcare'),
(22, 'Retail Sales Analyst', '45000-65000', 'Miami', 'No', 'Retail'),
(23, 'Digital Content Strategist', '55000-75000', 'Remote', 'Yes', 'Media'),
(24, 'Quality Control Manager', '70000-95000', 'Detroit', 'No', 'Manufacturing'),
(25, 'Clinical Trial Manager', '90000-110000', 'San Diego', 'Yes', 'Healthcare'),
(26, 'Site Construction Manager', '80000-100000', 'Denver', 'Flexible', 'Construction'),
(27, 'IT Systems Engineer', '75000-95000', 'Remote', 'Yes', 'Technology'),
(28, 'Financial Advisor', '65000-85000', 'Phoenix', 'No', 'Finance'),
(29, 'Academic Dean', '95000-120000', 'Remote', 'Yes', 'Education'),
(30, 'Electrical Project Manager', '70000-90000', 'Atlanta', 'Flexible', 'Construction'),
(31, 'Advertising Account Executive', '60000-80000', 'Remote', 'Yes', 'Advertising'),
(32, 'Structural Engineer', '70000-95000', 'Portland', 'No', 'Construction'),
(33, 'Pharmacy Operations Manager', '80000-105000', 'Cleveland', 'Yes', 'Healthcare'),
(34, 'Automotive Sales Manager', '60000-80000', 'Remote', 'Yes', 'Automotive'),
(35, 'HR Technology Consultant', '65000-85000', 'St. Louis', 'Flexible', 'Human Resources'),
(36, 'Investment Banking Analyst', '70000-90000', 'Remote', 'Yes', 'Finance'),
(37, 'Environmental Policy Analyst', '55000-70000', 'Washington D.C.', 'No', 'Environmental Services'),
(38, 'Retail Operations Director', '90000-110000', 'Remote', 'Yes', 'Retail'),
(39, 'Supply Chain Coordinator', '60000-80000', 'Kansas City', 'Flexible', 'Logistics'),
(40, 'Business Strategy Consultant', '100000-130000', 'New York', 'No', 'Business Services'),
(41, 'Multimedia Data Analyst', '55000-75000', 'Los Angeles', 'Yes', 'Media'),
(42, 'Cybersecurity Analyst', '75000-95000', 'Remote', 'Yes', 'Technology'),
(43, 'Network Operations Manager', '85000-105000', 'Chicago', 'No', 'Technology'),
(44, 'Insurance Actuary', '90000-115000', 'Remote', 'Yes', 'Insurance'),
(45, 'Biotech Research Director', '120000-150000', 'San Francisco', 'Flexible', 'Research'),
(46, 'E-commerce Data Analyst', '55000-75000', 'New York', 'No', 'Retail'),
(47, 'Production Engineer', '70000-90000', 'Remote', 'Yes', 'Manufacturing'),
(48, 'Global Logistics Manager', '80000-100000', 'Atlanta', 'Yes', 'Logistics'),
(49, 'Software Project Manager', '95000-120000', 'Remote', 'Yes', 'Technology'),
(50, 'Hospitality Services Director', '70000-90000', 'Las Vegas', 'No', 'Hospitality');
SELECT * FROM desiredpositions;


-- PositionSkills Table Entries
-- Entered by FNU Aditi
INSERT INTO PositionSkills (DesiredPositionID, SkillID, ImportanceLevel, SkillGap) VALUES
(1, 1, 'Essential', 'None'),
(2, 2, 'Desirable', 'Moderate'),
(3, 3, 'Essential', 'Major'),
(4, 4, 'Essential', 'None'),
(5, 5, 'Desirable', 'Minor'),
(6, 6, 'Essential', 'Moderate'),
(7, 7, 'Essential', 'None'),
(8, 8, 'Desirable', 'Major'),
(9, 9, 'Essential', 'Minor'),
(10, 10, 'Essential', 'None'),
(11, 11, 'Desirable', 'Moderate'),
(12, 12, 'Essential', 'None'),
(13, 13, 'Essential', 'Moderate'),
(14, 14, 'Desirable', 'Major'),
(15, 15, 'Essential', 'None'),
(16, 16, 'Desirable', 'Moderate'),
(17, 17, 'Essential', 'Minor'),
(18, 18, 'Essential', 'Major'),
(19, 19, 'Desirable', 'None'),
(20, 20, 'Essential', 'Moderate'),
(21, 21, 'Desirable', 'Major'),
(22, 22, 'Essential', 'None'),
(23, 23, 'Essential', 'Moderate'),
(24, 24, 'Desirable', 'Minor'),
(25, 25, 'Essential', 'None'),
(26, 26, 'Desirable', 'Moderate'),
(27, 27, 'Essential', 'Major'),
(28, 28, 'Essential', 'None'),
(29, 29, 'Desirable', 'Minor'),
(30, 30, 'Essential', 'Moderate'),
(31, 31, 'Desirable', 'Major'),
(32, 32, 'Essential', 'None'),
(33, 33, 'Essential', 'Moderate'),
(34, 34, 'Desirable', 'Major'),
(35, 35, 'Essential', 'None'),
(36, 36, 'Desirable', 'Moderate'),
(37, 37, 'Essential', 'Minor'),
(38, 38, 'Essential', 'Major'),
(39, 39, 'Desirable', 'None'),
(40, 40, 'Essential', 'Moderate'),
(41, 41, 'Desirable', 'Major'),
(42, 42, 'Essential', 'None'),
(43, 43, 'Essential', 'Moderate'),
(44, 44, 'Desirable', 'Minor'),
(45, 45, 'Essential', 'None'),
(46, 46, 'Desirable', 'Moderate'),
(47, 47, 'Essential', 'Major'),
(48, 48, 'Essential', 'None'),
(49, 49, 'Desirable', 'Minor'),
(50, 50, 'Essential', 'Moderate');
SELECT * FROM positionskills;
